index,close,returns,mfi,normal_close,normal_returns,normal_mfi
14,33.363571,-0.002001079447729864,48.879130332329794,-0.9072946892684599,-0.07633662099881397,-0.17780446551025397
15,33.392212,0.0008580830145421669,55.89196759661372,-0.9049573522290859,-0.04625895160026722,0.00038157576037800567
16,33.869510999999996,0.01419253002934159,56.11291289905631,-0.866005896918304,0.0940160744662357,0.005995475997318422
17,33.602222,-0.007923033435114635,56.708139725892416,-0.8878188392009476,-0.13863408627975612,0.021119327861409243
18,33.831329,0.0067950709445977015,62.322887726548906,-0.8691218566556516,0.016196666973247398,0.1637819451824365
19,33.898154999999996,0.001973321446979333,61.54487150677995,-0.8636683150546878,-0.03452692401735642,0.1440136794975877
20,33.707237,-0.00564802604876736,54.74442977009649,-0.8792487666060715,-0.11470158123720255,-0.02877569893595555
21,33.124924,-0.017426572113662366,54.45910950177465,-0.9267702129036492,-0.23860892096001932,-0.03602527384987364
22,32.227589,-0.027463103016190246,43.73144738395067,-1.0,-0.3441906996724632,-0.3085996360982699
23,32.609428,0.011778562067739643,35.46795946100535,-0.9688388520729903,0.06862173915097332,-0.5185628998369523
24,32.828995,0.006710669784357975,42.134524018002324,-0.950920410617587,0.015308788012872762,-0.34917514670367167
25,33.144012,0.009549948031476975,40.85424523432565,-0.9252124778592181,0.0451772804732377,-0.3817051769309481
26,33.888607,0.022216814372294513,48.928533576207464,-0.8644475090092261,0.1784295258919665,-0.17654920061236123
27,34.079529,0.005618000239266524,49.8482379025644,-0.8488667310255193,0.0038141794438287177,-0.1531808452838208
28,34.136806,0.001679275600482817,56.33629803989085,-0.844192464987175,-0.037620212305672154,0.011671368995251008
29,34.337272999999996,0.00585528350778258,57.69873860304946,-0.8278327378731722,0.0063103396999903,0.04628901108031269
30,35.129601,0.02281266784805852,59.92763593088225,-0.7631723705070517,0.18469775446956305,0.10292206504663315
31,34.890941999999995,-0.006816854425033693,67.50451310548117,-0.7826488734392103,-0.1269973615396071,0.2954395437868802
32,35.120056,0.006545109324307133,69.41315358761284,-0.7639513196373486,0.013567133647795701,0.3439353349913892
33,34.661839,-0.013133022138316412,60.17617497373611,-0.8013455295521834,-0.19344185598604327,0.1092370822755182
34,35.215511,0.01584729779358287,65.9694082865035,-0.7561614202939793,0.1114238148101232,0.256434752955329
35,35.520984999999996,0.008637009641391316,73.30352942727868,-0.7312322734497458,0.035573398413168394,0.44278415235315194
36,35.301429999999996,-0.006200175561571342,76.43597984904903,-0.7491497356081807,-0.12051005512556277,0.5223751822169793
37,35.253696000000005,-0.001353098208141667,78.76800946534821,-0.753045215732389,-0.06952002146731803,0.5816286783119942
38,35.291882,0.0010825909947043714,76.05245455908859,-0.749928929562719,-0.04389718416180964,0.5126303598904625
39,35.387337,0.002701078460848387,75.60627806979889,-0.7421390302193496,-0.026871103421477183,0.5012936612992285
40,34.967316,-0.0119402476527213,70.22676737514134,-0.7764161378837078,-0.1808941686411826,0.3646080833326715
41,34.995953,0.0008186296040362068,65.81094827147598,-0.7740791272766563,-0.04667399154763014,0.2524085134015839
42,34.623661,-0.010695133952889322,59.481735878251435,-0.8044611628572085,-0.16779588593730715,0.09159239031065947
43,34.938675,0.009057089554989389,59.272038699412455,-0.7787534749230809,0.03999253336226552,0.08626428860876545
44,34.757305,-0.0052046160886982116,49.522758184374354,-0.7935547325199264,-0.11003702007183783,-0.16145081367358172
45,34.70002,-0.0016495024243647547,39.70073188103116,-0.7982296514229166,-0.07263811921151163,-0.4110142811109587
46,34.824123,0.0035700729690994774,30.44113360657572,-0.7881018437836085,-0.017729499936812304,-0.6462872666520061
47,34.948223,0.0035572870336460275,42.82793537935338,-0.777974280968543,-0.01786400475932401,-0.331556567975132
48,34.881401000000004,-0.0019138588057298846,42.00993430060015,-0.7834274961371834,-0.07541908180003767,-0.352340791034246
49,35.272789,0.01115805230483268,43.07428182243242,-0.7514870726475542,0.06209413263908055,-0.3252972615319447
50,35.043678,-0.006516590510275662,41.8580095348983,-0.7701843816251737,-0.12383866073838408,-0.3562009793647598
51,35.120056,0.0021771369855780463,48.1388672750902,-0.7639513196373486,-0.032382835855473024,-0.19661347799657003
52,35.129601,0.00027174510072661747,45.187404101468346,-0.7631723705070517,-0.052427078861410514,-0.27160588392935403
53,35.091412,-0.0010876802294194558,46.67062583359289,-0.7662889015009644,-0.06672789114181937,-0.23391936721523376
54,34.910034,-0.00518213312054041,46.52336424989423,-0.7810908119624549,-0.10980050490620047,-0.2376610708426865
55,35.263237,0.010066681450196178,53.2686530529813,-0.7522665930344159,0.05061318596671795,-0.06627304859803629
56,35.10096,-0.004612495974482673,51.10646160699497,-0.7655097075464257,-0.10380806551797442,-0.12121120268749497
57,35.912376,0.022853490937536376,53.89075029254376,-0.699291605135874,0.18512720309493655,-0.05046645845119646
58,36.084209,0.004773374355721404,62.04931248155057,-0.6852686438046796,-0.0050710722429670035,0.15683079430600522
59,35.855103,-0.006369445806365804,57.868633970414976,-0.7039655447418958,-0.12229073549232064,0.05060580638016354
60,36.256039,0.01112006051699567,66.02114843596871,-0.6712459272977274,0.06169446859427727,0.2577493952406864
61,35.721455,-0.014854471867686745,59.505458326812054,-0.7148723015114999,-0.21155107381799323,0.09219514338177248
62,35.148693,-0.01616405459529356,53.229117094249105,-0.7616143090302971,-0.22532755446600244,-0.06727760006684158
63,34.862305,-0.008181274530750866,46.26503034775966,-0.7849858840462609,-0.1413507176017457,-0.24422496126429794
64,35.015041,0.004371552498230274,53.26990595699453,-0.7725213922322252,-0.009298137037712581,-0.0662412141210913
65,35.111183000000004,0.0027419716834100544,53.99189263942591,-0.7646754281374131,-0.026440917013715794,-0.04789657785699819
66,34.870834,-0.006868905907894399,53.84269150677248,-0.7842898487259569,-0.12754493003697204,-0.05168756261519425
67,34.947742,0.00220308220283747,54.203736275434785,-0.7780135344553605,-0.03210989870079931,-0.04251393778618917
68,34.976589000000004,0.0008250919593792873,58.47194579034934,-0.7756593861513612,-0.046606009196116384,0.06593508621293354
69,34.092075,-0.025613999384039982,49.54217707535228,-0.8478428760450374,-0.3247385949161382,-0.16095740776969114
70,33.976704,-0.003389839282336177,47.87586174717499,-0.8572580819236593,-0.09094602488210228,-0.2032960676654021
71,34.418960999999996,0.012932491084483197,46.84910255034912,-0.8211663369768218,0.08076078194164513,-0.2293845322519672
72,34.543949,0.0036247930040281635,45.81855832135665,-0.8109663061860926,-0.01715385894341661,-0.2555691690256845
73,34.659317,0.003334180987254131,52.297592810342245,-0.8015513451317129,-0.020211024207410846,-0.09094628340306787
74,35.005432,0.009936671066476773,49.126384033535764,-0.7733055642796862,0.0492455094560299,-0.17152210695164527
75,35.072727,0.0019205704500688393,49.889641050718076,-0.7678137484888734,-0.035081851226444354,-0.15212885123524678
76,35.111183000000004,0.0010958638197428616,56.48631908225119,-0.7646754281374131,-0.043757557383422505,0.015483186471984212
77,34.678543,-0.01239854537459582,56.291831744681964,-0.7999823481721444,-0.18571534531321232,0.01054154481501568
78,34.784298,0.003044939717059204,55.14312942694967,-0.7913518855975488,-0.023253769562435384,-0.018645317917070914
79,35.1208,0.009627469491342912,54.81688827555563,-0.7638906032253061,0.045992786717429054,-0.026934633222095883
80,35.10157,-0.0005476887345354465,60.04624541612061,-0.7654599266171975,-0.061047316541577225,0.10593576033647079
81,34.803535,-0.008526896734969085,53.7020206761674,-0.7897819909490931,-0.14498657619056188,-0.05526180474903497
82,34.543949,-0.007486564687844208,46.12604483988955,-0.8109663061860926,-0.13404254492580114,-0.24775638178755632
83,34.524723,-0.0005567213018535897,56.15299863346813,-0.812535303145661,-0.06114233687609831,0.007013996470144113
84,34.515106,-0.00027859281233738435,66.13855143382082,-0.813320128057768,-0.05821649517651962,0.26073243543286573
85,34.197842,-0.009234540616714894,58.08187948097702,-0.8392114341734733,-0.15243081169935535,0.05602406605364907
86,34.418960999999996,0.00644506172687784,57.76447207404887,-0.8211663369768218,0.012514658106687102,0.04795920340546678
87,34.245907,-0.005040550471911474,58.07544234852034,-0.8352889417745519,-0.10831109108161921,0.05586050783799901
88,34.438187,0.0055989819799846605,58.32985740912703,-0.8195973400172529,0.0036141121434343296,0.06232482617032553
89,34.524723,0.002509640194101316,65.04035397957014,-0.812535303145661,-0.02888498579907164,0.2328288281578157
90,33.80365,-0.021106891267203963,53.35665502298381,-0.8713806867213902,-0.2773249520502567,-0.06403704595490844
91,33.82288,0.000568711732460593,53.6838406470151,-0.8698113633294988,-0.04930306464761287,-0.05572373296763633
92,33.745964,-0.002276671574336631,46.64196964324459,-0.8760883304647411,-0.07923578079903526,-0.23464747952179832
93,33.784424,0.001139042890090493,46.69928946444163,-0.8729496836809587,-0.043303324432343325,-0.23319106585632543
94,33.909409000000004,0.0036926596259317743,48.96089818039849,-0.8627498977144716,-0.01643991916428602,-0.17572686287932138
95,34.063232,0.00452603460231725,54.7023746587821,-0.8501966979167133,-0.007673024188746436,-0.02984425842449112
96,33.688282,-0.011068500342954271,56.49340646276374,-0.8807956477757699,-0.17172360637750156,0.015663266549264865
97,34.005542999999996,0.009373478982215088,55.90209314168154,-0.8549045864843068,0.04332087049555597,0.0006388512001678226
98,33.909409000000004,-0.0028310132415780855,50.50547834191209,-0.8627498977144716,-0.08506731560027152,-0.1364813173129129
99,33.80365,-0.0031237426741463517,57.07116602541042,-0.8713806867213902,-0.08814675554542802,0.03034330052047607
100,34.02478,0.006520297858329166,51.401014600589306,-0.8533346918358502,0.013306123271216566,-0.11372703759210712
101,34.226677,0.005916286560947009,51.03145121823717,-0.8368582651664433,0.00695207646367306,-0.1231171080612008
102,34.197842,-0.0008428265811244815,50.08557104963395,-0.8392114341734733,-0.06415209239598944,-0.1471505536422335
103,34.370892,0.005047500728341173,48.6894818141219,-0.8250891558080657,-0.002187331805731302,-0.18262315977318977
104,34.678543,0.008911094951511506,61.15541444019309,-0.7999823481721444,0.03845670688324472,0.13411813931538275
105,34.765071999999996,0.002492066254949259,71.05878138620608,-0.7929208825571177,-0.029069859215262794,0.38574835471304025
106,34.880447,0.003313209728330352,73.05916429062873,-0.7835053502461733,-0.020431636572431723,0.4365751880376716
107,34.822762,-0.0016551609028296638,73.38197194317475,-0.7882129123814434,-0.07269764498061783,0.44477726310819765
108,34.640091,-0.005259542711236561,65.32260699597748,-0.8031203420912814,-0.11061483431488522,0.24000046864154134
109,34.640091,0.0,65.16146361865546,-0.8031203420912814,-0.05528576891774084,0.23590604873702903
110,34.418960999999996,-0.006404106322188202,65.72788091657083,-0.8211663369768218,-0.12265535539407355,0.2502978921834422
111,34.361278999999996,-0.0016772844503881953,58.26723661384344,-0.8258736542878502,-0.07293037913202374,0.060733722428387926
112,34.255520000000004,-0.003082600333694526,65.25553738638536,-0.8345044432947675,-0.08771394848016978,0.23829632696928948
113,33.890175,-0.010722570234547897,58.85955583593812,-0.864319547538686,-0.16808450871413122,0.07578369626580717
114,34.111305,0.00650370490316137,64.32832117824259,-0.846273552653146,0.013131569559607856,0.21473710560073322
115,34.390118,0.008140401394385304,63.53106671522058,-0.8235201588484968,0.030349204660229584,0.19448002400913
116,34.524723,0.003906420423258362,63.47636907769068,-0.812535303145661,-0.014191209383992619,0.19309023623408095
117,34.784298,0.007490401967859454,64.37764661072993,-0.7913518855975488,0.023511374310164854,0.21599039342385762
118,34.918903,0.0038622377564511575,64.25324194902888,-0.780367029894713,-0.01465599991720256,0.21282945109071405
119,35.332316999999996,0.011769725063451992,63.51321506674266,-0.746629106819551,0.06852877609030614,0.19402643946801468
120,35.447685,0.0032599067224633677,71.04852255785632,-0.7372141457651713,-0.020992370776790975,0.3854876927380322
121,35.505371000000004,0.001626033210185436,71.60503877066654,-0.7325065020218195,-0.03818030884949725,0.3996279639473206
122,35.986084000000005,0.013448327356729899,80.46312759315161,-0.6932764367235218,0.08618724968006317,0.6246991756437492
123,34.755466,-0.03479545356342242,65.97582798441442,-0.793704809780337,-0.42132518173986233,0.2565978681844143
124,34.909286,0.0044160137101331475,72.2904441821758,-0.7811518548068199,-0.008830416280211209,0.4170431230818845
125,35.543827,0.01801363009951314,79.68730133393693,-0.7293681816703601,0.13421308536223595,0.6049865536858257
126,35.817448,0.0076686505651306375,79.88610469819406,-0.7070384970207138,0.025386504684958955,0.610037859331926
127,35.691532,-0.003521687210112715,79.58486697677995,-0.7173142601103333,-0.09233303189372724,0.6023838449811956
128,35.662476,-0.0008144182063611388,74.88207922783866,-0.7196854645031987,-0.06385324344439722,0.4828928172644076
129,35.391277,-0.00763366621775753,70.44904301343466,-0.7418174943813853,-0.1355900159922887,0.3702557854774373
130,35.226624,-0.004663217004226266,65.73928399423673,-0.7552545096931427,-0.10434163798344717,0.2505876278768593
131,34.877937,-0.0099477086921884,59.24023195546038,-0.7837101865287335,-0.1599331603356215,0.085456125296693
132,34.568001,-0.008926024091284158,53.67634192456065,-0.8090034686290579,-0.14918529551119158,-0.05591426464809479
133,34.413028999999995,-0.004493184886443567,47.49703442649869,-0.8216504361115438,-0.10255294290463068,-0.212921521394416
134,34.509884,0.0028105330880479145,47.40296721050757,-0.813746285455192,-0.025719668295110677,-0.2153116331564804
135,34.693909000000005,0.005318362644133451,46.56263644888719,-0.7987283584040834,0.0006620673674039013,-0.2366632211269677
136,33.938435,-0.022015990444649053,36.747359225352014,-0.8603811415640279,-0.2868884465597487,-0.4860552042181535
137,34.112774,0.005123770289233296,41.50606188189951,-0.8461536703825954,-0.0013849952236181379,-0.3651434596561154
138,34.287116999999995,0.005097767701341821,40.16729611091426,-0.8319258727688408,-0.0016585359028997715,-0.3991595595498645
139,34.645485,0.010397728165647473,35.46585959775577,-0.8026801481039771,0.05409571408262866,-0.5186162543218137
140,34.732658,0.002512982968581205,34.099848104266655,-0.7955661268849785,-0.028849820652981934,-0.5533246285763619
141,34.984482,0.007224194658655372,41.076650361916535,-0.775015253570384,0.020710940426686114,-0.3760541846506138
142,35.120079,0.0038684264522413506,46.73045098173396,-0.7639494426514926,-0.014590896395299958,-0.23239929681947857
143,35.120079,0.0,52.142449692591,-0.7639494426514926,-0.05528576891774084,-0.09488824539942975
144,35.042590999999994,-0.0022088107965198495,53.13033172445232,-0.7702730896088967,-0.07852190249822705,-0.06978759328587603
145,34.974796000000005,-0.0019365196015252086,54.684638669179655,-0.7758057094400592,-0.07565746766765924,-0.030294904241038312
146,34.984482,0.00027690394580369415,55.52206931502348,-0.775015253570384,-0.052372809109777256,-0.009017004013468277
147,35.178196,0.00552186711605122,63.29974106547522,-0.7592066258253589,0.002802883186105054,0.18860237417652792
148,35.197567,0.0005505020382997606,61.75402692448548,-0.7576257956940884,-0.049494626046464936,0.14932801583347577
149,34.994164000000005,-0.005795656167884215,53.30719546900499,-0.7742251241330309,-0.1162546129290555,-0.06529374161094226
150,35.120079,0.003591713465774443,63.03995306633652,-0.7639494426514926,-0.017501847359108577,0.18200153725537227
151,35.333164000000004,0.006048994784733694,70.47947213613921,-0.746559984775196,0.008348133572772198,0.3710289454282143
152,34.587371999999995,-0.0213333686323919,58.61315262608767,-0.8074226384977883,-0.279707436923454,0.06952294746114895
153,34.606743,0.0005599031219942213,49.7810833908258,-0.8058418083665173,-0.04939572901242744,-0.15488714419668836
154,34.752026,0.004189325000324005,50.48873134562113,-0.7939855415779502,-0.011215124445624218,-0.1369068342413402
155,34.413028999999995,-0.009802629797892938,42.80340759171978,-0.8216504361115438,-0.15840696688669867,-0.33217978354607003
156,34.199946999999995,-0.006211148311920688,36.69938426548889,-0.8390396491635972,-0.12062548569719184,-0.48727417848719357
157,34.103088,-0.002836156985588703,30.296387333580597,-0.846944126252271,-0.08512142649248684,-0.6499650598763028
158,34.393661,0.00848433676896873,36.74804185956554,-0.8232310214185712,0.033967318225894244,-0.4860378594711473
159,33.764091,-0.01847443284699836,36.35278716695546,-0.8746090207858637,-0.2496321521086102,-0.4960807089364446
160,33.492897,-0.008064454797370151,35.341348152627674,-0.8967406426236475,-0.1401218034122878,-0.5217799098672309
161,33.279812,-0.006382419600177343,36.24325763758633,-0.9141301004999436,-0.12242721653747199,-0.4988636956941608
162,33.115154,-0.00495996451194471,30.793736061153496,-0.9275675238521042,-0.10746334706775902,-0.6373281488005901
163,32.998928,-0.003515926296294474,30.8511910122765,-0.9370525046397256,-0.09227242853048888,-0.6358683016793477
164,32.592133000000004,-0.012404135858213603,24.854831966870563,-0.9702502638287238,-0.18577415579364231,-0.7882271031276415
165,33.124844,0.01621263462919709,26.53714832786467,-0.9267767415501051,0.11526706635868467,-0.7454818801553293
166,32.485592,-0.01948690689929393,27.313274219919393,-0.9789448703547512,-0.2602831242801439,-0.7257616449607672
167,32.679306,0.005945365574159221,34.8451298287781,-0.9631362426097256,0.007257980362935179,-0.5343880990210017
168,32.4081,-0.00833364198270896,29.298255534028485,-0.9852688437444779,-0.14295358484261342,-0.6753261437466389
169,33.260441,0.025960341293563113,37.20382256407403,-0.9157109306312137,0.21781048678811715,-0.4744571316767743
170,32.572765000000004,-0.020892223087908238,37.26542541653107,-0.9718308491357517,-0.27506669684005297,-0.4728918923882194
171,32.814899,0.0074061403010690936,44.34659088389834,-0.9520707581231567,0.022624962785764452,-0.29296973040699226
172,32.592133000000004,-0.006811709828077297,36.725441330538374,-0.9702502638287238,-0.1269432416746169,-0.486612106191299
173,32.853645,0.007991757447107652,43.88877987635014,-0.9489087714282927,0.02878550775132449,-0.3046020452620073
174,33.173271,0.009681763622456442,51.469699828885595,-0.9228247070259701,0.046563947309897255,-0.11198184538777411
175,33.163585999999995,-0.0002919945413999875,50.01872326082981,-0.9236150812875654,-0.05835747799279287,-0.14884905916942848
176,33.589756,0.01276867277082991,57.37387350741953,-0.8888361655349732,0.0790374545181396,0.03803465935991612
177,33.386353,-0.0060739158596368635,56.93766313137838,-0.9054354939739166,-0.11918183484313553,0.02695118527677942
178,33.444466,0.0017391082592263492,59.2615593217717,-0.900693003580106,-0.036990787796687116,0.08599802279559787
179,33.473526,0.0008685258166966941,58.06365359682442,-0.898321472754918,-0.0461490959502498,0.055560972725881674
180,33.657555,0.005482690230796749,65.70917213106222,-0.8833032192714869,0.0023907522147812374,0.24982252903139268
181,33.63818,-0.0005758165962625341,57.59413967586403,-0.8848843758350804,-0.06134321456663841,0.0436313037852567
182,33.415409000000004,-0.00664459048185612,56.82535357340626,-0.9030642895810512,-0.12518518821942864,0.02409756201735669
183,33.580063,0.004915386864275145,55.014599252621856,-0.8896271926612136,-0.003577136400180564,-0.021911083552891064
184,33.657555,0.0023050202138433897,61.773273226390344,-0.8833032192714869,-0.031037536484716976,0.14981703649890488
185,33.870636,0.00631089635452951,65.0964682941528,-0.8659140878275142,0.011103272161510941,0.23425461164562345
186,34.199946999999995,0.009675650027012055,75.62483052774996,-0.8390396491635972,0.04649963382472838,0.5017650523943817
187,34.354915999999996,0.004521029061350395,75.83719587783122,-0.8263929265053545,-0.00772568121972967,0.5071609484644004
188,35.207253,0.024506989093688716,77.10675606819646,-0.7568353398244128,0.2025215874813125,0.5394186347546686
189,35.488132,0.007946218213421292,78.57015940459686,-0.7339133437250345,0.028306446476019057,0.5766015947277243
190,35.607673999999996,0.0033628456974149354,79.27970302608836,-0.7241577505418069,-0.01990947867196173,0.5946300708291596
191,35.422264,-0.005220627423650793,79.14730651678344,-0.7392887047846859,-0.11020545528518715,0.5912660672194876
192,35.549126,0.0035750218536303594,83.38773202892898,-0.7289357404507224,-0.01767743891727403,0.6990091399356284
193,35.52961,-0.0005491375223787529,83.70767968418542,-0.7305284037536945,-0.061062557425001864,0.7071385466159057
194,35.705257,0.004931499513383183,77.57146945588408,-0.716194189202704,-0.003407635387418513,0.5512263290953381
195,35.266135999999996,-0.012374749462716614,77.2476758015723,-0.7520300112084621,-0.18546501831011822,0.5429992011475373
196,35.002663,-0.007499039074570648,76.43767214865974,-0.773531537055149,-0.13417377233412733,0.5224181810998725
197,35.4613,0.013017816691243337,76.49512554491236,-0.7361030517464191,0.08165838584671406,0.5238779887141094
198,35.12952,-0.009400158351622721,71.08698115568787,-0.7631789807615887,-0.15417306858151072,0.3864648700262212
199,34.944117999999996,-0.005291645700708843,63.24874331983889,-0.7783092821398232,-0.11095254968321201,0.18730659529756477
200,34.319588,-0.01803388706253968,55.74973473703168,-0.8292759767803792,-0.24499772134970116,-0.0032323552681658985
201,34.163456,-0.004559735122580525,49.41544588213042,-0.8420176096364784,-0.10325303463685497,-0.16417746390028376
202,34.075638,-0.0025738339515490993,39.06863626493784,-0.8491842680675297,-0.08236185420599386,-0.42707491552918664
203,33.812168,-0.0077619631070499325,28.674637151365516,-0.8706855490899743,-0.13693966697292323,-0.6911713839372589
204,33.821922,0.00028843442907633984,20.306808591148794,-0.8698895438708107,-0.05225151132818687,-0.9037857921982494
205,33.870708,0.001441397931993385,25.596985995040455,-0.8659082120457038,-0.040122625499932084,-0.76937004380785
206,33.83168,-0.0011529284409627397,24.502268021831597,-0.8690932122193251,-0.06741428590306207,-0.7971852425074328
207,33.812168,-0.0005769039201070053,16.52012262509787,-0.8706855490899743,-0.06135465293978254,-1.0
208,33.890228,0.002305975540082375,16.994684689746336,-0.8643152223104087,-0.031027486693156293,-0.9879420650372723
209,34.04636,0.004596412021261398,24.02836107475339,-0.8515735894543099,-0.006932671456763864,-0.8092265318812194
210,34.222008,0.005145820611638267,30.37205000536109,-0.837239293295239,-0.0011530313823955377,-0.6480425809354057
211,34.241528,0.0005702305685446557,28.831310469594158,-0.8356463035599444,-0.049287086874327916,-0.6871905417622841
212,34.173218,-0.001996938575211504,29.220214553159067,-0.8412209515526694,-0.07629306006225572,-0.6773090520780243
213,34.895325,0.02091062821015824,39.218997784830506,-0.7822911852214949,0.16468877625772851,-0.4232544470113212
214,34.680645,-0.006171115725688699,45.94315504111009,-0.7998108079865096,-0.12020435296698043,-0.25240334677550313
215,34.339108,-0.009896870762076777,46.30072392242966,-0.8276829870450841,-0.1593983581077031,-0.24331803921127437
216,34.905079,0.016347469112636712,55.34092365022377,-0.7814951800023318,0.11668549118411345,-0.013619653082253214
217,35.217341999999995,0.008906283030488857,64.64319708668552,-0.756011995898215,0.03840608668533678,0.22273764653766426
218,35.451541999999996,0.0066281181801204824,72.01288058470973,-0.7368993833979056,0.014440365916073866,0.40999063394382884
219,35.597916,0.004120346902173779,72.52963350886338,-0.7249540821932925,-0.01194075667508989,0.4231205775600755
220,36.105339,0.01415365232168016,74.61173658904654,-0.6835442650594552,0.09360709076788207,0.47602380223131124
221,36.105339,0.0,82.13475001496738,-0.6835442650594552,-0.05528576891774084,0.6671726811048788
222,36.329781,0.006197068998642394,88.29751296771548,-0.6652279842106319,0.009905837030048423,0.8237595649089797
223,36.173649,-0.004306892552398522,79.82002653858987,-0.6779696170667306,-0.10059319444373425,0.6083589089683856
224,36.300507,0.003500782528844291,80.35967915491617,-0.6676169791650897,-0.018458417926599822,0.622070700607164
225,36.280991,-0.0005377679162898464,81.00194681358151,-0.6692096424680618,-0.06094295203088862,0.6383897918994414
226,36.261471,-0.0005381675761466181,79.51794656720885,-0.6708026322033565,-0.06094715635198002,0.6006834942654573
227,36.56398,0.00830783018233558,79.72823336709334,-0.6461154533184028,0.032110513364515675,0.606026577384428
228,36.632286,0.0018663799005251864,80.42234275771668,-0.6405411317580008,-0.03565192216687085,0.6236628920261273
229,36.915276,0.007695466412851744,85.15573418926355,-0.6174468610002615,0.025668600652935622,0.7439315150080394
230,37.159225,0.006586608850579909,85.36432306868213,-0.5975386513211922,0.014003698217980004,0.7492314564263245
231,38.096016,0.024897651766746128,86.22530690952807,-0.52108893579268,0.20663126046479036,0.7711078092371422
232,38.427788,0.008671133985596557,87.01970927980491,-0.4940136596421558,0.035932377924473194,0.791292423281525
233,38.388756,-0.001016239505884688,79.44462301564849,-0.4971989862481001,-0.06597635271319709,0.5988204489826321
234,38.574162,0.004818069883073843,78.62006449557687,-0.48206835843754314,-0.004600886545917775,0.5778696108338823
235,38.671749,0.0025266593571881156,78.66859076953253,-0.4741044706661186,-0.0287059484874395,0.5791025931957876
236,38.896190999999995,0.005786994636363894,78.42439876817417,-0.4557881898172953,0.0055919579622491986,0.5728980279973903
237,38.691265,-0.005282464127405512,76.69411168033535,-0.472511807363146,-0.11085596184323435,0.5289339383109073
238,38.349728000000006,-0.008866428745286689,68.59218377792828,-0.5003839864217206,-0.14855836747255907,0.3230756807776203
239,38.242385999999996,-0.0028029535854863052,63.21000669388206,-0.5091439610203903,-0.08477213508132514,0.1863223537172587
240,38.710777,0.012173555086662702,68.99666042563538,-0.47091947049249727,0.0727769662829289,0.33335284676982213
241,38.798603,0.002266204105546773,67.52381900098334,-0.46375215919680013,-0.03144587217325846,0.29593007863933374
242,38.827873,0.0007541241827636741,66.60850266087314,-0.4613634906746653,-0.04735257234219872,0.27267321568812797
243,39.276752,0.011494426667202047,66.76749253160574,-0.42473133701742105,0.06563270625950121,0.27671291810818177
244,39.120628,-0.00398289346885296,66.47422365522803,-0.43747231700887435,-0.09718480564145138,0.26926138057204496
245,39.452404,0.008445085123815988,64.47503133029541,-0.41039671442602765,0.03355440079925909,0.21846479814846176
246,39.842735,0.00984509662719912,63.95910880261232,-0.37854255067770026,0.0482821694058245,0.2053559537042331
247,39.959831,0.00293464458366515,72.73029579535451,-0.36898657085986786,-0.024414046602397214,0.42821911572868054
248,39.793938,-0.004160135410160664,65.0052925470274,-0.38252478019169533,-0.09904934624890374,0.23193796792099164
249,40.350159000000005,0.01388074609662037,67.31794579410214,-0.33713265193578223,0.09073618597584346,0.2906991385283064
250,43.326408,0.07116699840237777,74.03807622833028,-0.09424668335579112,0.6933731402135184,0.4614479230460766
251,43.297131,-0.0006759594782838933,82.61461775896043,-0.09663592313449154,-0.06239669247767064,0.6793654256978654
252,44.390053,0.024929038655101283,90.38135791784745,-0.007444656357960877,0.20696144262962096,0.876707047973629
253,45.580551,0.026465699572002295,94.87932134500085,0.08970960050110621,0.22312672866918665,0.9909937862309708
254,45.961121,0.008314731077853734,95.2337773454775,0.12076718777370576,0.03218310904828246,1.0000000000000002
255,45.219498,-0.016267477952105633,87.19006015081035,0.06024475813955954,-0.22641554214607623,0.7956207922693606
256,45.840359,0.013636538458364109,87.73349966658779,0.11091203273202188,0.088167183093008,0.8094288035402879
257,45.918884000000006,0.0017115446161466111,87.88608390093259,0.11732030726911358,-0.037280750383602554,0.8133057480141999
258,45.840359,-0.0017115446161465357,83.70546169268526,0.11091203273202188,-0.07329078745187834,0.7070821906632305
259,45.447722999999996,-0.008602183605360568,79.04886823859326,0.07886976235767662,-0.14577857511596987,0.5887648930956362
260,44.740978000000005,-0.015672904902086417,74.34982522089355,0.021193659362240602,-0.22016078332500785,0.46936901357784566
261,44.907848,0.0037227524366980785,70.77261593645322,0.034811599788912684,-0.016123350369946617,0.3784773049626655
262,45.01582,0.002401415651499291,74.92434628248927,0.04362298747842308,-0.030023480745107668,0.483966761926252
263,44.62318,-0.008760528590325363,70.67122985593728,0.011580390671755314,-0.14744432449941147,0.3759012314497254
264,44.809684999999995,0.004170844138093635,66.67713084182071,0.026800705763002863,-0.011409538464309761,0.2744169584019269
265,43.808464,-0.022597258369767528,54.17275642234504,-0.05490701840511125,-0.29300323881600954,-0.043301090998673075
266,43.798645,-0.000224159891889964,46.535252851561026,-0.05570832814952009,-0.05764387455519476,-0.2373589986873781
267,44.112751,0.00714599815155594,43.01386643819115,-0.03007474035266977,0.019888332855520385,-0.326832328972426
268,43.828098,-0.006473760428212649,34.040325562721094,-0.053304725348616966,-0.12338809905621222,-0.5548370101766575
269,43.92625,0.0022369727122755595,37.31986863706756,-0.045294729011594814,-0.031753379072384375,-0.4715085689806128
270,43.671040000000005,-0.005826909076576255,28.763364664904614,-0.06612192728744448,-0.11658338566155535,-0.6889169462833526
271,43.906620000000004,0.005379923789022007,27.60311323241578,-0.04689669563576704,0.0013096751155423705,-0.7183972552998881
272,43.14098,-0.01759174853967883,27.249930305913594,-0.10937910654412342,-0.24034653538372328,-0.7273711221024607
273,44.014599,0.020048016901670514,36.54550346762566,-0.03808473668969192,0.15561432242780374,-0.49118406676286497
274,43.85754,-0.0035747204753902215,36.35371875447392,-0.05090202023660062,-0.09289092849498393,-0.49605703864641004
275,43.671040000000005,-0.00426147167562328,43.35124629656398,-0.06612192728744448,-0.10011537825334112,-0.3182599952503715
276,42.640366,-0.023883818879421474,36.21787080043445,-0.1502332542564635,-0.3065375315262765,-0.4995087384695742
277,42.650185,0.00023024824973591945,35.305902774833186,-0.14943194451205466,-0.05286361528830077,-0.5226805255970024
278,42.286995000000005,-0.008552019587905602,27.702928450595834,-0.17907118334206018,-0.14525086227956308,-0.7158610951245122
279,42.552021,0.0062477589814505805,37.85308396525416,-0.15744292014604389,0.010439082889575804,-0.4579603395131644
280,42.856319,0.007125751129070686,44.12830332985535,-0.13260974440471562,0.01967533927552896,-0.29851610110514937
281,42.532394000000004,-0.007587104723571571,38.19580252802667,-0.1590446419459739,-0.13510020079384955,-0.44925235704201694
282,42.54221,0.00023076216830939558,44.39129446107083,-0.1582435770258077,-0.0528582089942707,-0.29183387723561327
283,42.463676,-0.0018477313992973908,42.75285244404716,-0.16465258603562516,-0.07472343812987023,-0.3334643166515958
284,43.739754,0.029608362961920688,52.1213654436661,-0.06051430963011706,0.25618675646409844,-0.09542396563754596
285,45.408455,0.03744093009803169,55.889561889250075,0.07566517624468716,0.3385833911326514,0.000320450219398305
286,46.174099,0.016720691983416313,64.05414925847202,0.1381479135853665,0.12061170183755246,0.20777079408224175
287,46.684528,0.010993790399381649,64.8204358902085,0.17980304460979246,0.06036613874152308,0.22724102791800038
288,45.899254,-0.016963939359863418,62.09668204342286,0.11571834064494135,-0.23374214084335307,0.15803438628863042
289,45.840359,-0.0012839602471609883,54.899022591072935,0.11091203273202188,-0.06879270752111646,-0.02484771918388784
290,45.231770000000004,-0.013365187921292581,56.65332026801618,0.06124625250592963,-0.19588418158249188,0.019726444807738996
291,45.261219,0.0006508570744542926,58.38955582002066,0.06364952887450981,-0.048438916327354885,0.06384167635612115
292,45.369194,0.002382755357980746,63.97061443058897,0.07246116138826286,-0.03021978233577861,0.20564829505256754
293,45.310299,-0.0012989708330470883,63.568250527278465,0.06765485347534339,-0.06895061510619362,0.19542481083652286
294,45.987595,0.014837328565458009,63.973126060070015,0.12292768010219923,0.10079919275835439,0.2057121119211902
295,44.426860999999995,-0.03452742221694764,51.13707922752031,-0.004440826123497832,-0.4185055594434401,-0.12043325328001009
296,43.612140999999994,-0.01850868909652435,41.52151327318482,-0.07092856163268779,-0.24999251923068624,-0.3647508621750253
297,43.916439000000004,0.006953139785172483,46.95481063606658,-0.0460953858913582,0.01785951138721674,-0.2266986428445199
298,43.916439000000004,0.0,39.96029377655744,-0.0460953858913582,-0.05528576891774084,-0.40441918915522757
299,42.817054999999996,-0.02535221015563318,31.5048498071787,-0.13581400408538258,-0.32198463813053346,-0.6192597781080755
300,41.71767,-0.026011724464487483,23.92602128640192,-0.2255327038874868,-0.32892256264762004,-0.8118268377294238
301,42.61092,0.021185778395431815,22.691250068546395,-0.1526362858008019,0.1675832869463695,-0.8432005865978226
302,42.44405,-0.0039238204210584205,28.651940342686473,-0.16625422622747443,-0.09656337204844148,-0.6917480769839651
303,42.345890000000004,-0.0023153700510335786,28.557974915919942,-0.1742648754291407,-0.0796428790327583,-0.6941356024292092
304,43.57288,0.028563570490270314,33.21021537659921,-0.07413257648911209,0.24519580265610152,-0.5759289081217027
305,43.661221000000005,0.002025378359755495,37.09110086996939,-0.06692323703185332,-0.03397929839864773,-0.47732122671860844
306,43.994965,0.00761487871981059,38.78088057286597,-0.03968702974618621,0.024820838407569115,-0.43438637103443756
307,44.907848,0.020537372340941728,39.812692012397875,0.034811599788912684,0.16076221846903954,-0.4081695362756581
308,45.212139,0.006753044835582871,39.647725007530745,0.05964420427367623,0.015754562885167384,-0.4123611090200099
309,44.672259999999994,-0.012012885405240979,46.10628397839674,0.015585715272588452,-0.18165829951341161,-0.24825847666710454
310,44.466128999999995,-0.004624974037504462,59.08052186052137,-0.0012362400105083715,-0.10393933160000228,0.08139812302233906
311,49.158142,0.1003147357423,63.34858046144009,0.3816699355463453,1.0,0.18984331251533004
312,49.059982,-0.0019988170957389423,70.80948626333083,0.37365928634467904,-0.07631282162534571,0.37941412658551044
313,47.891888,-0.024097534675909436,71.80101726866025,0.27833337692564974,-0.30878576790907514,0.4046074938316817
314,47.253849,-0.01341202631718952,71.64664536612477,0.2262642387228957,-0.19637690971722924,0.40068512729733996
315,46.772873,-0.01023071282236207,65.6508756630337,0.18701271049937285,-0.16291029254762696,0.24834130018398093
316,45.300484000000004,-0.031985681358516364,60.07590909662009,0.0668538701632575,-0.3917670854163561,0.10668947150907115
317,43.700485,-0.0359585163204952,58.80213734361989,-0.06371897735118681,-0.4335603091796647,0.07432477551000694
318,44.382378,0.01548329832572725,50.65643649656834,-0.008070998377345706,0.10759463203374181,-0.1326456891695491
319,44.668972,0.006436623127395592,51.62320266861259,0.015317387903241997,0.012425886164286845,-0.10808156048111339
320,42.247757,-0.05572785825472133,45.89602165735068,-0.1822733212126293,-0.6415288100153849,-0.253600937814233
321,43.433662,0.027683498950254907,39.864996676891046,-0.08549389026822451,0.23593767158557172,-0.4068405504807797
322,44.303321999999994,0.01982490036611173,40.414257556505376,-0.014522606805290383,0.15326719263632155,-0.39288462678328373
323,43.937664,-0.008287760814297532,41.31495692058933,-0.044363254378467776,-0.1424709265000716,-0.3699991600295527
324,44.846859,0.020481650468935384,39.58971671483583,0.0298344045550043,0.16017603840176797,-0.4138350157494326
325,45.380512,0.011829209183821195,31.225873247051453,0.07338480164564354,0.06915453406332685,-0.6263481685815779
326,45.024746,-0.007870512055629832,27.0543290102799,0.04435142120676572,-0.13808157458818748,-0.7323410678209905
327,45.775814000000004,0.016543623299182273,33.08760191248359,0.10564463916313871,0.11874898385090299,-0.579044338717606
328,45.400276,-0.008237688710929012,40.40715015230382,0.07499770375262926,-0.14194418057671773,-0.3930652156335106
329,45.261925,-0.003052012985928925,41.60723668110343,0.0637071441794852,-0.08739217728108198,-0.3625727544954078
330,47.169247,0.04127596229455703,47.97212163318804,0.21936003187938047,0.3789269644909173,-0.20085024333276236
331,48.533039,0.02850264888304099,56.97648751127494,0.33065647947554755,0.24455492268315465,0.02793765655763858
332,49.323639,0.01615867651361935,69.79266821716352,0.3951758280782145,0.11469944056507159,0.35357825224377337
333,48.710926,-0.0125001009213822,60.53510905291503,0.34517349612730897,-0.18678368410197846,0.1183570775407361
334,47.277958,-0.029859175452041208,60.94560025545518,0.2282317279405297,-0.3693967785614631,0.12878706466300516
335,48.404564,0.023549924141672694,62.72493977184182,0.32017188130741214,0.19245350509721496,0.17399750553778137
336,49.16552,0.015598458008388261,63.226731703678084,0.3822720399657622,0.10880608290749419,0.18674731200068329
337,50.114239000000005,0.01911261448130256,69.77008423749236,0.4596951766808828,0.14577412442378035,0.35300442601879656
338,50.717071999999995,0.011957400468773728,70.85096922780475,0.5088912207944563,0.07050307411288853,0.38046814865121914
339,50.14389,-0.01136590726697097,71.46010189318936,0.4621149378817653,-0.17485225235528368,0.3959453277391036
340,51.576851,0.028176275305632464,72.40726369466847,0.5790561348119794,0.2411215548031378,0.4200113377558863
341,50.914722,-0.012920832266445234,65.4819345907103,0.5250210579451235,-0.19120967194610952,0.2440487521394632
342,51.171669,0.005033923524526464,67.14763426333761,0.5459900094571526,-0.0023301605722264376,0.28637176911903306
343,51.250732,0.0015438617906241724,65.67724627397948,0.5524421891416611,-0.039044731499201804,0.24901133922712937
344,50.282246,-0.019077848270121642,60.22241061192911,0.4734059054953126,-0.255979930468943,0.11041186289921678
345,50.568836,0.005683444654390154,52.707312231905064,0.49679396534357734,0.004502638217348573,-0.0805359061180011
346,50.23283,-0.006666700220575154,44.896283964638826,0.4693731605793636,-0.125417777105319,-0.2790028251046479
347,50.94437,0.01406545606538738,51.01415156858047,0.5274405743217643,0.09267928835232583,-0.12355666711148627
348,50.954254,0.00019399673210494746,57.55741142147704,0.5282471885914188,-0.05324497212859501,0.04269809201869701
349,50.23283,-0.014259452797492399,57.63122996493491,0.4693731605793636,-0.2052916229769541,0.04457371432895818
350,48.780097999999995,-0.02934639520119407,50.1288331004619,0.3508184902855982,-0.3640024593989108,-0.1460513275681392
351,51.863445,0.06129180494526942,50.23550576632832,0.6024445210925671,0.5894885908152419,-0.14334092957568512
352,50.5886,-0.024887952283439676,42.49602317170514,0.4984068674505635,-0.3171007621774291,-0.3399899766086738
353,49.017277,-0.0315534266662087,35.49039607277666,0.3701742132583177,-0.3872198748598531,-0.5179928180169424
354,51.468146999999995,0.048790283660820735,37.14615616668132,0.5701850100073949,0.45797573376907663,-0.475922351341585
355,48.345268,-0.06259476405263985,34.76417267771254,0.31533284855413113,-0.7137669304811347,-0.5364451030148616
356,49.16552,0.016824217396255333,26.07655006211654,0.3822720399657622,0.12170076312134034,-0.7571850152056419
357,49.402702000000005,0.004812554248457388,31.660238723442205,0.4016280077627239,-0.0046589096336947106,-0.6153115707273993
358,49.788115999999995,0.007771201960341445,36.6161794726449,0.43308090457824155,0.02646531954847646,-0.48938829180436993
359,48.216797,-0.03206887518793015,37.77609208918686,0.3048485768183187,-0.3926422635603495,-0.45991659161048604
360,48.967869,0.015456902501950079,44.05351428203615,0.3661421212070146,0.10731695461192747,-0.3004163825260766
361,50.66766,0.03412348892042155,44.45301450092953,0.5048588023108302,0.3036847450060537,-0.29026566038485324
362,50.499657,-0.0033212930701039603,43.78424232322803,0.4911483999287234,-0.09022493598378033,-0.30725819313097524
363,52.100628,0.03121045825043788,50.08960878273269,0.62180057049761,0.2730403956220137,-0.14704796069027148
364,51.250732,-0.016447101586130965,51.72996285311861,0.5524421891416611,-0.22830513756140156,-0.10536893876674203
365,51.784386,0.01035877441193888,49.534184340905966,0.5959926678403806,0.05368593039900109,-0.16116049157960188
366,52.91099499999999,0.02152248700273858,56.587404190585865,0.6879330660315053,0.1711253767393959,0.01805161271756406
367,52.980167,0.001306473713811947,63.9678400216813,0.6935780601897954,-0.04154199431225688,0.2055778013391827
368,51.606499,-0.026270021802902388,55.739093083982596,0.5814756511886192,-0.33163978562948393,-0.0035027442645068074
369,50.924603000000005,-0.013301447864556313,61.53971481498099,0.5258274273905363,-0.19521365223018824,0.14388265542515
370,50.499657,-0.008379622125337436,64.43212119164411,0.4911483999287234,-0.14343728436900494,0.21737451365325633
371,50.845546999999996,0.006826003192837576,65.80706786897402,0.5193758189625917,0.016522066438506677,0.2523099179922932
372,50.776371000000005,-0.0013614387928575185,58.7682831169745,0.5137304983719804,-0.06960776231904796,0.07346458862716809
373,52.42675,0.03198584867233521,67.50247585758328,0.64841476099217,0.2811973076801326,0.29538778026744694
374,52.110508,-0.006050339769036937,70.80778976916211,0.6226068583349416,-0.11893382030456634,0.37937102112497145
375,51.01355,-0.021275333771830603,62.93590719054956,0.5330862213446994,-0.27909692479880677,0.17935788219560966
376,52.703465,0.032589919201040374,63.85042036474233,0.6709969410435073,0.28755197758628454,0.20259433786372627
377,51.695446000000004,-0.019311510383248336,57.43972159141918,0.5887344451427832,-0.2584379970819209,0.039707763835462595
378,51.665794,-0.0005737547423665356,56.440510388357474,0.5863146023338195,-0.061321524382659615,0.014319253884774286
379,52.46095699999999,0.015273278956876213,57.113494969058486,0.6512063286087284,0.10538528113922382,0.03141881769213928
380,53.007637,0.010366780768363022,57.018614098158345,0.6958198341666679,0.053770155253233726,0.029008032136896178
381,53.30582,0.005609520945276567,56.89151785616181,0.720153976494506,0.003724979405450926,0.025778700645478825
382,54.011528000000006,0.013151986805398285,62.26153079838274,0.7777454519102558,0.08306982167450225,0.16222295447404855
383,54.647659,0.011708872212664772,67.86613779820473,0.8296588818950306,0.06788861941782288,0.3046279036466324
384,54.33953100000001,-0.005654404356377346,72.52345703131103,0.8045131472046161,-0.11476867942772054,0.4229636422081522
385,54.568146,0.004198332791492633,71.20686836337455,0.8231699785742062,-0.011120364749959415,0.3895110303935061
386,53.594067,-0.01801193425798145,71.70526331024163,0.7436772609324938,-0.2447667833716792,0.40217452438670365
387,54.309715000000004,0.013264752728993327,69.97757878885177,0.8020799206704168,0.08425609080543445,0.3582765621455337
388,54.478687,0.0031064365828426498,64.96643734650547,0.8158694012827241,-0.02260683801430243,0.23095071353266583
389,53.176605,-0.02419101697582844,67.4393737859933,0.7096089883466514,-0.30976917817298344,0.29378444799138514
390,53.99165,0.015210860990617718,67.29655964231932,0.7761232464820691,0.10472865984595153,0.29015574737568395
391,54.120865,0.002390381197348708,75.18025323969634,0.7866682346299236,-0.030139560425193748,0.4904689871911352
392,54.87627,0.013861228459901486,84.18052542717939,0.8483153868322995,0.09053086535051422,0.7191528723303879
393,54.419048,-0.00836677500195622,76.8974344475276,0.8110023769577626,-0.14330213586489526,0.534100075442121
394,55.104877,0.012523984405119095,76.81060980171753,0.8669715653372454,0.0764633945034903,0.5318939869021213
395,54.985603000000005,-0.0021668367086372107,77.13418769681358,0.8572378431196452,-0.078080345659363,0.5401156327206396
396,55.343430000000005,0.006486565592321234,77.58603734611022,0.886439417812849,0.012951268323854057,0.5515964780937015
397,54.866329,-0.008658107679913455,68.05538154485006,0.8475041209020451,-0.1463668823031329,0.30943631325021625
398,56.734966,0.03349085972299643,69.75518205908726,0.9999999999999996,0.29702964509371776,0.3526257832418085
399,56.486481000000005,-0.004389369779990177,69.89135347906485,0.9797216160668687,-0.10146083411694093,0.35608570186612654
400,56.18829,-0.005292962985702926,69.67528259719035,0.9553868208743839,-0.11096640718976455,0.350595653598337
401,56.68526800000001,0.008805981140803422,70.38435595365453,0.9959442416052933,0.03735093605370367,0.36861218094630677
402,55.542221,-0.02037088306445953,62.987490278177134,0.9026623697835956,-0.2695823310243867,0.18066853376707637
403,54.717236,-0.014964709933452083,61.571010226098736,0.8353369273260047,-0.21271075052086597,0.14467782651024108
404,54.190441,-0.009674232764873246,54.181633255844325,0.7923461984528166,-0.15705626241926113,-0.04307554351187881
405,54.488628000000006,0.00548749176834176,54.75040521890064,0.8166806672129785,0.0024412631811181335,-0.028623871433462345
406,54.697357,0.003823370815759862,55.049057774797646,0.8337146402897377,-0.015064870349740606,-0.021035542395560825
407,55.204277000000005,0.009225042003683282,61.04820273611075,0.8750834085589827,0.04175935084575928,0.13139404514231479
408,54.776875,-0.007772316325102777,52.738938441888465,0.8402039516509663,-0.13704858022074096,-0.07973232991268442
409,52.8983,-0.034896913598420974,44.46453774205449,0.6868970514469992,-0.42239251576866266,-0.2899728715119214
410,52.61005,-0.005464036110093795,37.53097759038691,0.6633735221847687,-0.11276605339605819,-0.4661445961332258
411,53.136848,0.009963457423601954,43.92915618885348,0.7063644958821986,0.04952729519036077,-0.30357614162059265
412,51.874522999999996,-0.024042840227662433,34.65028527856451,0.6033485754105787,-0.3082103960811301,-0.539338816934069
413,52.182652000000004,0.005922319159744808,28.06909397531203,0.6284943917090762,0.007015537884508191,-0.7065573592983218
414,50.403469,-0.034690100413838,26.778910909978407,0.4832986818622005,-0.4202168931255883,-0.7393390429824763
415,49.369755,-0.02072201234316306,20.712162722400052,0.3989392663278486,-0.2732761226505549,-0.8934863306196649
416,48.465256,-0.018490819637601297,20.634714323937573,0.3251248389413517,-0.24980453702089206,-0.8954541822900671
417,48.952296999999994,0.009999123216666024,20.87191452901847,0.3648713201743292,0.049902490355649004,-0.8894272685119299
418,49.409515,0.009296723673055481,26.884292349649954,0.40218400361654316,0.04251342396394077,-0.7366614531781177
419,49.896553000000004,0.009808905232427388,21.61892364726924,0.44193024002527936,0.04790144504287541,-0.8704468483826796
420,49.170967,-0.014648574521398484,20.15693910263488,0.38271655918134373,-0.20938508556324567,-0.9075937589111738
421,50.44323,0.025545197831699774,20.227049152318315,0.48654350075897534,0.21344328206867236,-0.9058123640583368
422,51.059478999999996,0.012142662553881016,25.863737951609707,0.5368343988832422,0.07245198461429264,-0.7625922628112274
423,51.54652,0.009493492830422572,32.39597648263566,0.5765808801162193,0.04458338596897317,-0.5966175395124323
424,51.844707,0.005768145623426331,38.0637999648625,0.6009153488763812,0.0053936710907943886,-0.45260635105063196
425,50.890511,-0.01857636471738334,32.74650315061359,0.5230452447032579,-0.250704449726906,-0.5877111643930675
426,52.033558,0.022212374773187916,40.60025831182082,0.6163271165249546,0.17838282242689507,-0.3881586168939912
427,51.904346000000004,-0.0024863319653637157,43.1345909366148,0.6057823732013428,-0.08144135533720669,-0.3237648942597955
428,51.695609999999995,-0.004029659673933857,47.03632503738557,0.5887478288680179,-0.09767677434697575,-0.22462747992854148
429,51.437183000000005,-0.005011549350349523,50.30456842615843,0.5676580973965515,-0.10800600658291107,-0.14158614738254593
430,51.407368,-0.0005798071078216888,58.68007623359868,0.5652249524704334,-0.06138519374375448,0.0712233794319106
431,51.665794,0.005014429294391434,61.24830680892548,0.5863146023338195,-0.002535234966185386,0.1364783999096182
432,51.596218,-0.0013475625582179687,59.666541647569105,0.5806366385109265,-0.06946178782354713,0.09628803733592273
433,51.993801,0.007676124709010505,67.75923585831784,0.6130826240605018,0.025465130797193647,0.30191168013327485
434,51.864585999999996,-0.0024882933464134543,68.05543298626411,0.6025376359126473,-0.08146198857213371,0.30943762030206723
435,52.113075,0.004779670376811258,59.189669041042585,0.622816346278102,-0.005004839685927756,0.0841713948494176
436,51.844707,-0.005163030433917422,60.62387930125915,0.6009153488763812,-0.10959954945142938,0.12061260102416371
437,47.391788,-0.08980388178663494,44.86399473833426,0.23752117576679055,-1.0,-0.27982324759472954
438,47.401726000000004,0.00020967679363408383,37.051590586681634,0.23833219687280316,-0.053080021828272636,-0.47832512581154496
439,47.809246,0.008560410214211717,45.72013708566685,0.27158912192030993,0.03476759172074448,-0.25806991012427605
440,48.514957,0.014653090398655729,46.67952446628672,0.3291808421603015,0.09886105361977962,-0.2336932658424682
441,49.180904,0.013633275921933323,52.45372136229202,0.38352749867927516,0.08813286203099746,-0.08697928295049318
442,49.330002,0.003027037713939973,57.741586865997,0.39569510029571875,-0.02344209412898139,0.047377723403473126
443,49.299999,-0.0006083950242575046,56.19429185531235,0.39324661305042996,-0.061685931428547135,0.008063197450352888
444,49.700001,0.008080892458638687,57.681282782972666,0.4258900085472219,0.029723185635684976,0.04584548396576538
445,49.959998999999996,0.0052177120180566805,62.5133638179649,0.4471079463134706,-0.0003967518832826006,0.16862166688237878
446,50.139998999999996,0.0035964075446267554,63.074390683116995,0.4617974008397545,-0.017452466831169508,0.18287654723687563
447,48.849998,-0.02606473523885796,57.2135443458054,0.3565228951266386,-0.32948022265019616,0.03396092749766999
448,48.450001,-0.008221978570522792,52.89054046349694,0.32387990767024943,-0.14177891385417984,-0.07588034204229466
449,48.119999,-0.006834488651511831,52.679461050786905,0.2969490778225672,-0.1271828691632932,-0.08124356430556956
450,47.459998999999996,-0.01381064038785593,45.85646187620116,0.24308774455952564,-0.20057022940203856,-0.254606094576171
451,47.169998,-0.006129175040903133,51.22680753847279,0.21942131954798727,-0.11976314752028942,-0.1181533868128457
452,47.099998,-0.0014850963368128966,52.541290438406826,0.2137087538988771,-0.07090860855454678,-0.08475427951428172
453,46.5,-0.012820645966215526,44.06835329171709,0.16474406869409153,-0.19015573728645466,-0.3000393447749099
454,47.619999,0.023800507465825915,42.5428313609598,0.2561450374717782,0.19508957859080728,-0.3388006482914727
455,47.049999,-0.012041975281733217,35.093913892649084,0.2096284314718786,-0.1819643176916451,-0.5280668561628278
456,46.98,-0.0014888655466366476,27.734790243263404,0.20391594743084873,-0.07094825969311218,-0.715051533104282
457,47.66,0.014370492439829281,33.844542528046446,0.25940944230792207,0.09588819422810602,-0.5598115736210851
458,48.349998,0.014373708863659915,31.384375291295257,0.3157188547758496,0.09592203019717035,-0.6223208611262994
459,48.57,0.004539875823397514,29.38295930935854,0.3336727957463581,-0.0075274180270757385,-0.6731739434548102
460,48.75,0.003699141086202785,26.787810562757443,0.34836225027264245,-0.016371735833739506,-0.7391129156908227
461,48.240002000000004,-0.01051660356555709,27.946640422431372,0.30674229233099926,-0.16591779120200267,-0.7096687267812739
462,48.43,0.00393086253683867,28.00988865495104,0.32224766444813735,-0.01393408450166396,-0.7080616807676096
463,47.959998999999996,-0.009752147106533436,28.74733657313945,0.28389178491031464,-0.15787590168103233,-0.6893241968886537
464,47.720001,-0.005016691123314869,29.334471075473004,0.26430600875809773,-0.10806009674022628,-0.6744059592736101
465,47.259997999999996,-0.009686388745614555,29.865251937992625,0.22676604681112922,-0.15718414027677247,-0.6609195860539915
466,46.450001,-0.017287742651302274,29.921121293013115,0.16066374626709345,-0.23714846996195796,-0.659500026633991
467,46.299999,-0.003234547294456624,30.232531012231675,0.1484223709456951,-0.0893123922595011,-0.6515875565466903
468,44.93,-0.030036216411847488,22.231100389326173,0.03661938199261394,-0.37125920489411124,-0.8548923237139519
469,44.93,0.0,21.846495951253885,0.03661938199261394,-0.05528576891774084,-0.8646645656315339
470,45.57,0.014143882193722647,29.354310210156683,0.0888485536416237,0.09350431148109262,-0.6739018755856108
471,45.540001000000004,-0.0006585226814801933,30.327179365409933,0.08640039282865741,-0.062213261764462915,-0.6491826789301068
472,45.419998,-0.0026385899503650547,24.162331553404712,0.07660717832022579,-0.08304307101324421,-0.8058225359893444
473,46.099998,0.014860413974708029,25.785307679024484,0.13210067319729868,0.10104204545263623,-0.7645850624814711
474,46.150002,0.001084097667151071,26.213740074384532,0.13618140366470044,-0.04388133434692794,-0.7536992156260048
475,47.200001,0.02249690949214508,33.20972358695458,0.22186980679327695,0.18137605604762516,-0.5759414037845295
476,46.66,-0.011506647184666312,29.647510775503775,0.17780136160634363,-0.17633280086257463,-0.6664520737338572
477,46.91,0.005343605747082668,29.494511936223518,0.19820338178173813,0.0009276184562695203,-0.6703395527188888
478,45.91,-0.02154791407923593,29.343704916467246,0.11659530108016014,-0.28196440101916,-0.6741713407432665
479,45.700001,-0.004584638479133777,29.00865654746906,0.09945768574090952,-0.10351501167915553,-0.6826844346959842
480,45.880001,0.003930994275162343,34.56125003747049,0.11414714026719386,-0.013932698647659912,-0.5416010734995991
481,47.290001000000004,0.03026956374474471,45.20184757595893,0.22921453405641934,0.26314242226282947,-0.2712388961546943
482,46.450001,-0.01792239101353136,46.20703537492532,0.16066374626709345,-0.2438248109797701,-0.2456985295553491
483,48.099998,0.03490564874330036,56.29477173144503,0.2953168346004551,0.31191286945851315,0.010616245621972498
484,48.759997999999996,0.013628128064169567,58.90431293426637,0.3491781678634962,0.08807870786313463,0.07692090933226292
485,48.130001,-0.013004559503762739,51.903402781870135,0.2977653218457448,-0.19209046140698136,-0.10096208129410522
486,47.029999,-0.023120029398147172,50.34858632760874,0.2079962698578468,-0.2985026584433386,-0.14046771623850418
487,47.029999,0.0,45.44351377230588,0.2079962698578468,-0.05528576891774084,-0.265098508004622
488,46.549999,-0.010258692453133987,40.78511608686998,0.1688243911210896,-0.16320463122035225,-0.38346164847838793
489,44.799999,-0.03831886514128802,33.8063221620431,0.02601024989332812,-0.4583905846305535,-0.5607826977834459
490,44.23,-0.012804825219275277,34.70338690441447,-0.020506274498491184,-0.18998930701102051,-0.5379895815050041
491,44.880001,0.014588991615845238,40.765598739077355,0.032539059565615425,0.09818675055947321,-0.38395755602738824
492,44.529999,-0.007829186619240631,40.987433519232646,0.003976068103901387,-0.1376468413997567,-0.37832105544960837
493,45.939999,0.031173078616589075,46.12004145015019,0.11904346189312687,0.2726471712830758,-0.24790891922875868
494,45.889998999999996,-0.0010889688779271913,47.05547517485395,0.11496305785804761,-0.06674144739974386,-0.22414090266221054
495,44.970001,-0.02025158359583908,38.238294572794935,0.03988378682875782,-0.26832733064440245,-0.4481726957070373
496,44.0,-0.021805989101401645,37.94797674185032,-0.03927613305985389,-0.28467928529004355,-0.45554925145142333
497,45.009997999999996,0.022695008952009068,36.38964063594694,0.0431478652325783,0.18346001250006294,-0.49514431564807815
498,44.5,-0.01139545369807559,26.60810252198334,0.0015279072909351044,-0.17516307337311612,-0.7436790368145971
499,42.419998,-0.047869287183231135,26.613151999610153,-0.16821706378450862,-0.5588586204923186,-0.7435507368990424
500,44.310001,0.04359050579070342,36.42933855833722,-0.013977546434283727,0.4032753794565808,-0.4941356489172217
501,45.689999,0.030669025908885785,46.895959451912645,0.09864144171773237,0.2673446636775113,-0.2281939662255268
502,45.400002,-0.006367284588387848,45.7735095664877,0.07497534313851695,-0.12226800002321145,-0.25671379266256134
503,47.759997999999996,0.05067627810813392,54.742499873587136,0.2675700871619182,0.4778159206148088,-0.028824734812035846
504,46.880001,-0.018597260608483848,62.79800155302303,0.19575522096877185,-0.25092426924139755,0.17585389961427933
